Date,Close
2021-06-28 14:20:57.185856,10000.0
2021-06-29 14:20:57.185856,9963.778923322649
2021-06-30 14:20:57.185856,10000.615280219316
2021-07-01 14:20:57.185856,9978.240172110207
2021-07-02 14:20:57.185856,9861.684234733691
2021-07-05 14:20:57.185856,9805.868207610463
2021-07-06 14:20:57.185856,9879.126348700285
2021-07-07 14:20:57.185856,9882.847152704342
2021-07-08 14:20:57.185856,9779.653645106537
2021-07-09 14:20:57.185856,9748.165024790846
2021-07-12 14:20:57.185856,9826.55038304915
2021-07-13 14:20:57.185856,9934.879465736793
2021-07-14 14:20:57.185856,9924.42917262902
2021-07-15 14:20:57.185856,9685.771537895878
2021-07-16 14:20:57.185856,9754.685890600022
2021-07-19 14:20:57.185856,9586.447095387817
2021-07-20 14:20:57.185856,9463.264932131031
2021-07-21 14:20:57.185856,9434.567622228624
2021-07-22 14:20:57.185856,9359.124958639275
2021-07-23 14:20:57.185856,9455.273736121628
2021-07-26 14:20:57.185856,9423.727717319482
2021-07-27 14:20:57.185856,9582.65480649777
2021-07-28 14:20:57.185856,9668.911860676106
2021-07-29 14:20:57.185856,9643.156265583837
2021-07-30 14:20:57.185856,9671.485717152169
2021-08-02 14:20:57.185856,9563.24871490112
2021-08-03 14:20:57.185856,9571.90865947037
2021-08-04 14:20:57.185856,9648.745133003644
2021-08-05 14:20:57.185856,9490.568967882367
2021-08-06 14:20:57.185856,9473.760621910933
2021-08-09 14:20:57.185856,9533.26524998065
2021-08-10 14:20:57.185856,9540.027698240094
2021-08-11 14:20:57.185856,9606.959039142344
2021-08-12 14:20:57.185856,9551.98594023234
2021-08-13 14:20:57.185856,9507.831211070965
2021-08-16 14:20:57.185856,9479.380590820372
2021-08-17 14:20:57.185856,9376.574056119596
2021-08-18 14:20:57.185856,9502.001533286124
2021-08-19 14:20:57.185856,9304.38709452988
2021-08-20 14:20:57.185856,9278.204799855755
2021-08-23 14:20:57.185856,9229.363484027937
2021-08-24 14:20:57.185856,9225.74011100922
2021-08-25 14:20:57.185856,9185.767261613322
2021-08-26 14:20:57.185856,9227.190391583976
2021-08-27 14:20:57.185856,9277.338958283231
2021-08-30 14:20:57.185856,9301.367478099979
2021-08-31 14:20:57.185856,9202.536329422646
2021-09-01 14:20:57.185856,9071.454378776798
2021-09-02 14:20:57.185856,9128.832388112456
2021-09-03 14:20:57.185856,9125.474863725463
2021-09-06 14:20:57.185856,8964.078209299932
2021-09-07 14:20:57.185856,8995.490292411843
2021-09-08 14:20:57.185856,9099.570753103433
2021-09-09 14:20:57.185856,9159.027988154403
2021-09-10 14:20:57.185856,9043.13550844935
2021-09-13 14:20:57.185856,8938.692245716373
2021-09-14 14:20:57.185856,8902.80070042839
2021-09-15 14:20:57.185856,8788.510535881307
2021-09-16 14:20:57.185856,8806.01303224511
2021-09-17 14:20:57.185856,8838.40475063396
2021-09-20 14:20:57.185856,8914.144327231603
2021-09-21 14:20:57.185856,8771.225475123154
2021-09-22 14:20:57.185856,8667.718166086974
2021-09-23 14:20:57.185856,8620.124362049071
2021-09-24 14:20:57.185856,8502.016003798884
2021-09-27 14:20:57.185856,8357.840299248526
2021-09-28 14:20:57.185856,8308.52523196858
2021-09-29 14:20:57.185856,8497.15552966499
2021-09-30 14:20:57.185856,8556.494754301442
2021-10-01 14:20:57.185856,8642.659166676323
2021-10-04 14:20:57.185856,8766.039740182252
2021-10-05 14:20:57.185856,8861.76023330738
2021-10-06 14:20:57.185856,8874.599153681387
2021-10-07 14:20:57.185856,8841.702077417754
2021-10-08 14:20:57.185856,8940.793216234091
2021-10-11 14:20:57.185856,8826.404983035542
2021-10-12 14:20:57.185856,8845.409521746602
2021-10-13 14:20:57.185856,8808.413856747766
2021-10-14 14:20:57.185856,8806.320033671349
2021-10-15 14:20:57.185856,8890.979457056397
2021-10-18 14:20:57.185856,9203.899599437009
2021-10-19 14:20:57.185856,9259.10515575319
2021-10-20 14:20:57.185856,9400.552053693527
2021-10-21 14:20:57.185856,9287.737269516178
2021-10-22 14:20:57.185856,9267.70842445813
2021-10-25 14:20:57.185856,9397.977885207605
2021-10-26 14:20:57.185856,9278.786050500674
2021-10-27 14:20:57.185856,9279.026365396472
2021-10-28 14:20:57.185856,9295.995851906979
2021-10-29 14:20:57.185856,9304.94902132588
2021-11-01 14:20:57.185856,9175.737774187093
2021-11-02 14:20:57.185856,9105.20196488052
2021-11-03 14:20:57.185856,9171.717157138517
2021-11-04 14:20:57.185856,9252.44531516034
2021-11-05 14:20:57.185856,9298.608747213111
2021-11-08 14:20:57.185856,9298.110597318513
2021-11-09 14:20:57.185856,9397.04826244315
2021-11-10 14:20:57.185856,9521.238620344278
2021-11-11 14:20:57.185856,9592.576085186685
2021-11-12 14:20:57.185856,9611.92083906094
2021-11-15 14:20:57.185856,9790.695590311396
2021-11-16 14:20:57.185856,9695.052772266254
2021-11-17 14:20:57.185856,9739.76683230465
2021-11-18 14:20:57.185856,9781.3760596736
2021-11-19 14:20:57.185856,9929.428104979243
2021-11-22 14:20:57.185856,10129.836980297765
2021-11-23 14:20:57.185856,10071.645246044598
2021-11-24 14:20:57.185856,10212.068545830245
2021-11-25 14:20:57.185856,10321.713567234465
2021-11-26 14:20:57.185856,10217.62657402695
2021-11-29 14:20:57.185856,10245.933902045977
2021-11-30 14:20:57.185856,10195.358056907355
2021-12-01 14:20:57.185856,10432.54860171545
2021-12-02 14:20:57.185856,10249.60091145643
2021-12-03 14:20:57.185856,10253.693228109409
2021-12-06 14:20:57.185856,10285.564940996228
2021-12-07 14:20:57.185856,10058.001472837297
2021-12-08 14:20:57.185856,10163.755381630399
2021-12-09 14:20:57.185856,10154.848967975902
2021-12-10 14:20:57.185856,10050.988321422388
2021-12-13 14:20:57.185856,9766.665561840458
2021-12-14 14:20:57.185856,9690.461010398789
2021-12-15 14:20:57.185856,9762.379972085066
2021-12-16 14:20:57.185856,9737.290245753078
2021-12-17 14:20:57.185856,9997.430465306945
2021-12-20 14:20:57.185856,10139.34710680312
2021-12-21 14:20:57.185856,10173.07757834398
2021-12-22 14:20:57.185856,10107.305640169654
2021-12-23 14:20:57.185856,10035.151877605365
2021-12-24 14:20:57.185856,10039.474721071076
2021-12-27 14:20:57.185856,10375.528195231507
2021-12-28 14:20:57.185856,10333.984683846691
2021-12-29 14:20:57.185856,10307.05969500205
2021-12-30 14:20:57.185856,10215.594774544643
2021-12-31 14:20:57.185856,10405.946005060934
2022-01-03 14:20:57.185856,10273.3343133606
2022-01-04 14:20:57.185856,10145.571731471531
2022-01-05 14:20:57.185856,10211.97573947842
2022-01-06 14:20:57.185856,10346.356018197688
2022-01-07 14:20:57.185856,10387.306493315966
2022-01-10 14:20:57.185856,10535.978492023234
2022-01-11 14:20:57.185856,10690.967968821527
2022-01-12 14:20:57.185856,10637.911589114936
2022-01-13 14:20:57.185856,10643.898790720707
2022-01-14 14:20:57.185856,10445.153028366605
2022-01-17 14:20:57.185856,10406.837821228415
2022-01-18 14:20:57.185856,10452.746073034114
2022-01-19 14:20:57.185856,10256.12454285995
2022-01-20 14:20:57.185856,10208.10405319322
2022-01-21 14:20:57.185856,10264.561487863051
2022-01-24 14:20:57.185856,10276.435249189379
2022-01-25 14:20:57.185856,10391.559629882784
2022-01-26 14:20:57.185856,10364.631985841997
2022-01-27 14:20:57.185856,10402.283578497481
2022-01-28 14:20:57.185856,10417.100174447383
2022-01-31 14:20:57.185856,10246.031684209682
2022-02-01 14:20:57.185856,10363.177244145858
2022-02-02 14:20:57.185856,10269.765283321365
2022-02-03 14:20:57.185856,10360.813314664634
2022-02-04 14:20:57.185856,10587.572154243104
2022-02-07 14:20:57.185856,10649.055903856
2022-02-08 14:20:57.185856,10701.396917225604
2022-02-09 14:20:57.185856,10618.484161670582
2022-02-10 14:20:57.185856,10685.808103376557
2022-02-11 14:20:57.185856,10618.7322179152
2022-02-14 14:20:57.185856,10751.510814089608
2022-02-15 14:20:57.185856,10454.331626857305
2022-02-16 14:20:57.185856,10425.766724006402
2022-02-17 14:20:57.185856,10520.642954449651
2022-02-18 14:20:57.185856,10395.127416974243
2022-02-21 14:20:57.185856,10285.267467557811
2022-02-22 14:20:57.185856,10491.92165212609
2022-02-23 14:20:57.185856,10415.059869921895
2022-02-24 14:20:57.185856,10445.868267177855
2022-02-25 14:20:57.185856,10346.72657087071
2022-02-28 14:20:57.185856,10230.247511958085
2022-03-01 14:20:57.185856,10175.165945142337
2022-03-02 14:20:57.185856,10066.30228021534
2022-03-03 14:20:57.185856,9939.261099114254
2022-03-04 14:20:57.185856,9924.207447131588
2022-03-07 14:20:57.185856,10072.845024123142
2022-03-08 14:20:57.185856,10165.640262875017
2022-03-09 14:20:57.185856,10046.391662922937
2022-03-10 14:20:57.185856,10023.615640216145
2022-03-11 14:20:57.185856,10096.137948458474
2022-03-14 14:20:57.185856,9980.575623224582
2022-03-15 14:20:57.185856,9840.452959479224
2022-03-16 14:20:57.185856,9799.92820451589
2022-03-17 14:20:57.185856,9825.099681690577
2022-03-18 14:20:57.185856,9892.444765238552
2022-03-21 14:20:57.185856,9788.060878740407
2022-03-22 14:20:57.185856,9968.640400421084
2022-03-23 14:20:57.185856,10046.940374841692
2022-03-24 14:20:57.185856,10063.40312926196
2022-03-25 14:20:57.185856,10245.971799448096
2022-03-28 14:20:57.185856,10357.351981618222
2022-03-29 14:20:57.185856,10478.264866744648
2022-03-30 14:20:57.185856,10443.482722159812
2022-03-31 14:20:57.185856,10467.809459004111
2022-04-01 14:20:57.185856,10371.317600694116
2022-04-04 14:20:57.185856,10310.255194404584
2022-04-05 14:20:57.185856,10343.717592951745
2022-04-06 14:20:57.185856,10490.671276146484
2022-04-07 14:20:57.185856,10372.957810457854
2022-04-08 14:20:57.185856,10239.781104457119
2022-04-11 14:20:57.185856,10257.886587921888
2022-04-12 14:20:57.185856,10326.978467986317
2022-04-13 14:20:57.185856,10504.069623084015
2022-04-14 14:20:57.185856,10498.54895972485
2022-04-15 14:20:57.185856,10505.5031302841
2022-04-18 14:20:57.185856,10631.732607050286
2022-04-19 14:20:57.185856,10774.672269379742
2022-04-20 14:20:57.185856,10393.971990784505
2022-04-21 14:20:57.185856,10253.53904043295
2022-04-22 14:20:57.185856,10210.761987152524
2022-04-25 14:20:57.185856,10229.77273383124
2022-04-26 14:20:57.185856,10290.204509968407
2022-04-27 14:20:57.185856,10381.710188325947
2022-04-28 14:20:57.185856,10256.612858838846
2022-04-29 14:20:57.185856,10334.995183031284
2022-05-02 14:20:57.185856,10156.74539467986
2022-05-03 14:20:57.185856,10240.981630490993
2022-05-04 14:20:57.185856,10094.526389145043
2022-05-05 14:20:57.185856,10188.572987888174
2022-05-06 14:20:57.185856,10259.922941215224
2022-05-09 14:20:57.185856,10307.179440643118
2022-05-10 14:20:57.185856,10317.807656105915
2022-05-11 14:20:57.185856,10324.61958392269
2022-05-12 14:20:57.185856,10261.150372551141
2022-05-13 14:20:57.185856,10340.815936742365
2022-05-16 14:20:57.185856,10097.394488236314
2022-05-17 14:20:57.185856,10169.582344032446
2022-05-18 14:20:57.185856,10327.426772177085
2022-05-19 14:20:57.185856,10715.400107272038
2022-05-20 14:20:57.185856,10552.116175409246
2022-05-23 14:20:57.185856,10623.896479245279
2022-05-24 14:20:57.185856,10915.424535595805
2022-05-25 14:20:57.185856,10982.559723404616
2022-05-26 14:20:57.185856,10924.843688959894
2022-05-27 14:20:57.185856,11017.056367580864
2022-05-30 14:20:57.185856,10913.407006456473
2022-05-31 14:20:57.185856,11045.988772314104
2022-06-01 14:20:57.185856,11023.390632699015
2022-06-02 14:20:57.185856,11262.52202849775
2022-06-03 14:20:57.185856,11473.49027122526
2022-06-06 14:20:57.185856,11508.992937065654
2022-06-07 14:20:57.185856,11348.458031165044
2022-06-08 14:20:57.185856,11062.414843499855
2022-06-09 14:20:57.185856,11101.776765212619
2022-06-10 14:20:57.185856,11093.124694600883
2022-06-13 14:20:57.185856,11233.91189754238
2022-06-14 14:20:57.185856,11338.307496239326
2022-06-15 14:20:57.185856,11300.515806562531
2022-06-16 14:20:57.185856,11305.558976157106
2022-06-17 14:20:57.185856,11218.297725143364
2022-06-20 14:20:57.185856,11464.305679972904
2022-06-21 14:20:57.185856,11509.861145140992
2022-06-22 14:20:57.185856,11732.916666207737
2022-06-23 14:20:57.185856,11813.45640855383
2022-06-24 14:20:57.185856,11820.716032490212
2022-06-27 14:20:57.185856,11917.158612493817
2022-06-28 14:20:57.185856,11629.934689337892
2022-06-29 14:20:57.185856,11642.403481489218
2022-06-30 14:20:57.185856,11837.88404180972
2022-07-01 14:20:57.185856,11744.60980274097
2022-07-04 14:20:57.185856,11880.804612913305
2022-07-05 14:20:57.185856,12036.10794479317
2022-07-06 14:20:57.185856,12103.790486782525
2022-07-07 14:20:57.185856,12126.890957820806
2022-07-08 14:20:57.185856,12126.90675361341
2022-07-11 14:20:57.185856,12144.361158280492
2022-07-12 14:20:57.185856,12254.007621031027
2022-07-13 14:20:57.185856,12250.100827877945
2022-07-14 14:20:57.185856,12451.217352058038
2022-07-15 14:20:57.185856,12628.425760053166
2022-07-18 14:20:57.185856,12598.865919993128
2022-07-19 14:20:57.185856,12544.687986594407
2022-07-20 14:20:57.185856,12618.933529565598
2022-07-21 14:20:57.185856,12723.032138996376
2022-07-22 14:20:57.185856,12751.493464971603
2022-07-25 14:20:57.185856,12800.681890375148
2022-07-26 14:20:57.185856,13034.92554104608
2022-07-27 14:20:57.185856,13019.072912626058
2022-07-28 14:20:57.185856,13141.648891933775
2022-07-29 14:20:57.185856,13141.422591136537
2022-08-01 14:20:57.185856,13353.495527432939
2022-08-02 14:20:57.185856,13147.342604136695
2022-08-03 14:20:57.185856,13269.474739558593
2022-08-04 14:20:57.185856,13209.880892444336
2022-08-05 14:20:57.185856,13250.861392151422
2022-08-08 14:20:57.185856,13185.069756305886
2022-08-09 14:20:57.185856,13371.477748436415
2022-08-10 14:20:57.185856,13486.365673978373
2022-08-11 14:20:57.185856,13360.961239664462
2022-08-12 14:20:57.185856,13078.897726060053
2022-08-15 14:20:57.185856,13165.783952152155
2022-08-16 14:20:57.185856,13411.416352799326
2022-08-17 14:20:57.185856,13503.430163612999
2022-08-18 14:20:57.185856,13566.009170819736
2022-08-19 14:20:57.185856,13473.186318752025
2022-08-22 14:20:57.185856,13629.670861508683
2022-08-23 14:20:57.185856,13614.297559983737
2022-08-24 14:20:57.185856,13554.521890436796
2022-08-25 14:20:57.185856,13493.948229442482
2022-08-26 14:20:57.185856,13456.225244234098
2022-08-29 14:20:57.185856,13379.641545746776
2022-08-30 14:20:57.185856,13526.006223986004
2022-08-31 14:20:57.185856,13424.455675978881
2022-09-01 14:20:57.185856,13048.377480433246
2022-09-02 14:20:57.185856,12968.147883518079
2022-09-05 14:20:57.185856,12858.12870096892
2022-09-06 14:20:57.185856,12882.02191394195
2022-09-07 14:20:57.185856,12680.252814892408
2022-09-08 14:20:57.185856,12434.116608804665
2022-09-09 14:20:57.185856,12636.146211437797
2022-09-12 14:20:57.185856,12656.078288097106
2022-09-13 14:20:57.185856,12596.08801895968
2022-09-14 14:20:57.185856,12977.646416514483
2022-09-15 14:20:57.185856,12892.424969125783
2022-09-16 14:20:57.185856,12909.609489591154
2022-09-19 14:20:57.185856,13122.973645858709
2022-09-20 14:20:57.185856,13412.701270753749
2022-09-21 14:20:57.185856,13450.143245131514
2022-09-22 14:20:57.185856,13604.686183165868
2022-09-23 14:20:57.185856,13639.013811493658
2022-09-26 14:20:57.185856,13684.24838726816
2022-09-27 14:20:57.185856,13809.564464915007
2022-09-28 14:20:57.185856,13654.485889303322
2022-09-29 14:20:57.185856,13658.217714670003
2022-09-30 14:20:57.185856,13635.981294065643
2022-10-03 14:20:57.185856,14106.018836283554
2022-10-04 14:20:57.185856,14022.924838709245
2022-10-05 14:20:57.185856,13901.136319348916
2022-10-06 14:20:57.185856,14060.458929059896
2022-10-07 14:20:57.185856,14173.03174704699
2022-10-10 14:20:57.185856,13756.66148309559
2022-10-11 14:20:57.185856,13772.334833495159
2022-10-12 14:20:57.185856,13711.117527512974
2022-10-13 14:20:57.185856,13674.714622312125
2022-10-14 14:20:57.185856,13607.681928739723
2022-10-17 14:20:57.185856,13494.152997281739
2022-10-18 14:20:57.185856,13459.165447873902
2022-10-19 14:20:57.185856,13206.475040365362
2022-10-20 14:20:57.185856,13373.634707187257
2022-10-21 14:20:57.185856,13273.68060124637
2022-10-24 14:20:57.185856,13272.520128189797
2022-10-25 14:20:57.185856,13437.215012491237
2022-10-26 14:20:57.185856,13221.492952071929
2022-10-27 14:20:57.185856,13488.55307086128
2022-10-28 14:20:57.185856,13842.279730296154
2022-10-31 14:20:57.185856,13930.787784103259
2022-11-01 14:20:57.185856,13875.461187995625
2022-11-02 14:20:57.185856,13730.998630315225
2022-11-03 14:20:57.185856,13726.74341012871
2022-11-04 14:20:57.185856,13630.361624462348
2022-11-07 14:20:57.185856,13533.884778795917
2022-11-08 14:20:57.185856,13499.369503984512
2022-11-09 14:20:57.185856,13432.352339064666
2022-11-10 14:20:57.185856,13742.252064483348
2022-11-11 14:20:57.185856,13549.768068919953
2022-11-14 14:20:57.185856,13399.458477906008
2022-11-15 14:20:57.185856,13284.515462715133
2022-11-16 14:20:57.185856,13213.682285209285
2022-11-17 14:20:57.185856,13422.974482714848
2022-11-18 14:20:57.185856,13463.571093354794
2022-11-21 14:20:57.185856,13698.983324134579
2022-11-22 14:20:57.185856,13814.773565098518
2022-11-23 14:20:57.185856,13696.18090819599
2022-11-24 14:20:57.185856,13522.81807180121
2022-11-25 14:20:57.185856,13295.92500474417
2022-11-28 14:20:57.185856,13343.492727227747
2022-11-29 14:20:57.185856,13053.253578380572
2022-11-30 14:20:57.185856,13005.451262388991
2022-12-01 14:20:57.185856,12836.006808372429
2022-12-02 14:20:57.185856,12748.166732662945
2022-12-05 14:20:57.185856,12702.571230756133
2022-12-06 14:20:57.185856,12879.07505011598
2022-12-07 14:20:57.185856,12920.96546693828
2022-12-08 14:20:57.185856,13082.857864735462
2022-12-09 14:20:57.185856,13354.601804319087
2022-12-12 14:20:57.185856,13282.594716676385
2022-12-13 14:20:57.185856,13342.183668535543
2022-12-14 14:20:57.185856,13206.420482969064
2022-12-15 14:20:57.185856,12906.374808951929
2022-12-16 14:20:57.185856,13025.157826495275
2022-12-19 14:20:57.185856,12740.020989091057
2022-12-20 14:20:57.185856,12734.864298070514
2022-12-21 14:20:57.185856,12880.360923389504
2022-12-22 14:20:57.185856,12875.101658358855
2022-12-23 14:20:57.185856,12923.897278184417
2022-12-26 14:20:57.185856,13014.450341775255
2022-12-27 14:20:57.185856,13155.322901967778
2022-12-28 14:20:57.185856,13065.818655703148
2022-12-29 14:20:57.185856,12975.79194176161
2022-12-30 14:20:57.185856,13084.51782909821
2023-01-02 14:20:57.185856,12871.77874268901
2023-01-03 14:20:57.185856,13082.09676014282
2023-01-04 14:20:57.185856,13034.034591538966
2023-01-05 14:20:57.185856,12980.385421483326
2023-01-06 14:20:57.185856,13156.382511096992
2023-01-09 14:20:57.185856,13058.630661315527
2023-01-10 14:20:57.185856,13235.149587426877
2023-01-11 14:20:57.185856,13315.59352106043
2023-01-12 14:20:57.185856,13244.144527035913
2023-01-13 14:20:57.185856,12939.224041300615
2023-01-16 14:20:57.185856,13119.748380146037
2023-01-17 14:20:57.185856,12978.827210904972
2023-01-18 14:20:57.185856,13271.79802056184
2023-01-19 14:20:57.185856,13477.612291894122
2023-01-20 14:20:57.185856,13163.7736513593
2023-01-23 14:20:57.185856,13317.705989184728
2023-01-24 14:20:57.185856,13433.899248870766
2023-01-25 14:20:57.185856,13394.742156145716
2023-01-26 14:20:57.185856,13426.175141671394
2023-01-27 14:20:57.185856,13358.953134753974
2023-01-30 14:20:57.185856,13246.813613250788
2023-01-31 14:20:57.185856,12803.807109017034
2023-02-01 14:20:57.185856,12815.709009735861
2023-02-02 14:20:57.185856,12809.789859754892
2023-02-03 14:20:57.185856,12906.249977908024
2023-02-06 14:20:57.185856,12843.208913804923
2023-02-07 14:20:57.185856,13035.83475395198
2023-02-08 14:20:57.185856,12796.855950126783
2023-02-09 14:20:57.185856,12673.276062626008
2023-02-10 14:20:57.185856,12688.00144567092
2023-02-13 14:20:57.185856,12845.814114586488
2023-02-14 14:20:57.185856,12901.886002112675
2023-02-15 14:20:57.185856,12837.296744705518
2023-02-16 14:20:57.185856,12855.16041126678
2023-02-17 14:20:57.185856,12914.131226915662
2023-02-20 14:20:57.185856,12961.763013842912
2023-02-21 14:20:57.185856,13006.63199933315
2023-02-22 14:20:57.185856,12944.180621932068
2023-02-23 14:20:57.185856,13229.468025367167
2023-02-24 14:20:57.185856,13340.749318473338
2023-02-27 14:20:57.185856,13392.924689315409
2023-02-28 14:20:57.185856,13274.316090717613
2023-03-01 14:20:57.185856,13316.411430384134
2023-03-02 14:20:57.185856,13447.9256172117
2023-03-03 14:20:57.185856,13219.194663546516
2023-03-06 14:20:57.185856,12924.035937641484
2023-03-07 14:20:57.185856,13043.731905455315
2023-03-08 14:20:57.185856,13397.065328291648
2023-03-09 14:20:57.185856,13430.386261510168
2023-03-10 14:20:57.185856,13429.376541468771
2023-03-13 14:20:57.185856,13272.92192427608
2023-03-14 14:20:57.185856,13197.67789202741
2023-03-15 14:20:57.185856,13338.867034098674
2023-03-16 14:20:57.185856,13130.109092038672
2023-03-17 14:20:57.185856,13076.398548091041
2023-03-20 14:20:57.185856,13076.174873059717
2023-03-21 14:20:57.185856,12950.580980566478
2023-03-22 14:20:57.185856,13151.40065287093
2023-03-23 14:20:57.185856,13090.78011973607
2023-03-24 14:20:57.185856,13304.032971416975
2023-03-27 14:20:57.185856,13333.881824488002
2023-03-28 14:20:57.185856,13098.990480402495
2023-03-29 14:20:57.185856,13058.711672681537
2023-03-30 14:20:57.185856,13133.386839012006
2023-03-31 14:20:57.185856,12708.091957364766
2023-04-03 14:20:57.185856,12475.424670978875
2023-04-04 14:20:57.185856,12276.27534727258
2023-04-05 14:20:57.185856,12287.137829921105
2023-04-06 14:20:57.185856,12408.18413637358
2023-04-07 14:20:57.185856,12422.915507876613
2023-04-10 14:20:57.185856,12356.722181657382
2023-04-11 14:20:57.185856,12283.604944374612
2023-04-12 14:20:57.185856,12080.993590947106
2023-04-13 14:20:57.185856,12070.833369609485
2023-04-14 14:20:57.185856,11972.117260693118
2023-04-17 14:20:57.185856,11854.044811669954
2023-04-18 14:20:57.185856,11859.426749254722
2023-04-19 14:20:57.185856,11729.833982833467
2023-04-20 14:20:57.185856,11589.571784701113
2023-04-21 14:20:57.185856,11557.837125081718
2023-04-24 14:20:57.185856,11608.5040149819
2023-04-25 14:20:57.185856,11693.239974242304
2023-04-26 14:20:57.185856,11691.75706782679
2023-04-27 14:20:57.185856,11745.14294787902
2023-04-28 14:20:57.185856,11678.528325652664
2023-05-01 14:20:57.185856,11736.293301381695
2023-05-02 14:20:57.185856,11844.822057635944
2023-05-03 14:20:57.185856,11698.762999874867
2023-05-04 14:20:57.185856,11705.51217621919
2023-05-05 14:20:57.185856,11775.237178932237
2023-05-08 14:20:57.185856,11809.320903819073
2023-05-09 14:20:57.185856,11805.693615525157
2023-05-10 14:20:57.185856,12018.468539052908
2023-05-11 14:20:57.185856,12112.460127121609
2023-05-12 14:20:57.185856,12184.970197251925
2023-05-15 14:20:57.185856,12211.466078856916
2023-05-16 14:20:57.185856,12181.96915485907
2023-05-17 14:20:57.185856,12307.431966715027
2023-05-18 14:20:57.185856,12524.441178404586
2023-05-19 14:20:57.185856,12544.37759895607
2023-05-22 14:20:57.185856,12282.243827673849
2023-05-23 14:20:57.185856,12213.981225284972
2023-05-24 14:20:57.185856,12171.227052249304
2023-05-25 14:20:57.185856,12347.612212157363
2023-05-26 14:20:57.185856,12497.11817532085
2023-05-29 14:20:57.185856,12577.687267689405
2023-05-30 14:20:57.185856,12628.283353219893
2023-05-31 14:20:57.185856,12426.138636594802
2023-06-01 14:20:57.185856,12422.101423018377
2023-06-02 14:20:57.185856,12388.683287923834
2023-06-05 14:20:57.185856,12280.513690255138
2023-06-06 14:20:57.185856,12230.850815373258
2023-06-07 14:20:57.185856,12200.05756627463
2023-06-08 14:20:57.185856,12278.660357788507
2023-06-09 14:20:57.185856,12320.92195179047
2023-06-12 14:20:57.185856,12209.05721433556
2023-06-13 14:20:57.185856,12068.96400956082
2023-06-14 14:20:57.185856,11828.81471943954
2023-06-15 14:20:57.185856,11623.948825506075
2023-06-16 14:20:57.185856,11497.604540923412
2023-06-19 14:20:57.185856,11427.842940329341
2023-06-20 14:20:57.185856,11502.014978658679
2023-06-21 14:20:57.185856,11824.98930180895
2023-06-22 14:20:57.185856,11768.665929074059
2023-06-23 14:20:57.185856,11716.804059934953
2023-06-26 14:20:57.185856,11542.195656301892
2023-06-27 14:20:57.185856,11527.446697417061
2023-06-28 14:20:57.185856,11312.177978769972
2023-06-29 14:20:57.185856,11425.989707985684
2023-06-30 14:20:57.185856,11532.944449949304
2023-07-03 14:20:57.185856,11715.309785777064
2023-07-04 14:20:57.185856,11585.102852480297
2023-07-05 14:20:57.185856,11520.811898500926
2023-07-06 14:20:57.185856,11332.202052228886
2023-07-07 14:20:57.185856,11365.970717584518
2023-07-10 14:20:57.185856,11386.75583848886
2023-07-11 14:20:57.185856,11311.77457484134
2023-07-12 14:20:57.185856,11379.0983957194
2023-07-13 14:20:57.185856,11498.609672760618
2023-07-14 14:20:57.185856,11470.100106557798
2023-07-17 14:20:57.185856,11463.235884498705
2023-07-18 14:20:57.185856,11465.688296514041
2023-07-19 14:20:57.185856,11318.74856753477
2023-07-20 14:20:57.185856,11373.057991402493
2023-07-21 14:20:57.185856,11559.739985070075
2023-07-24 14:20:57.185856,11827.497345236317
2023-07-25 14:20:57.185856,11806.487604987708
2023-07-26 14:20:57.185856,11628.655619863437
2023-07-27 14:20:57.185856,11823.9312373863
2023-07-28 14:20:57.185856,11759.812676954769
2023-07-31 14:20:57.185856,11905.897193214612
2023-08-01 14:20:57.185856,11773.504222058562
2023-08-02 14:20:57.185856,11732.885364780881
2023-08-03 14:20:57.185856,11550.21148527623
2023-08-04 14:20:57.185856,11368.938002788604
2023-08-07 14:20:57.185856,11314.341665302087
2023-08-08 14:20:57.185856,11442.230069149067
2023-08-09 14:20:57.185856,11438.088117092515
2023-08-10 14:20:57.185856,11235.967783985001
2023-08-11 14:20:57.185856,11045.178718210274
2023-08-14 14:20:57.185856,11138.593008058777
2023-08-15 14:20:57.185856,11024.946226305785
2023-08-16 14:20:57.185856,11005.53671914719
2023-08-17 14:20:57.185856,10778.374891236585
2023-08-18 14:20:57.185856,10642.390547040804
2023-08-21 14:20:57.185856,10816.440749756082
2023-08-22 14:20:57.185856,10756.930322552138
2023-08-23 14:20:57.185856,10855.407214129538
2023-08-24 14:20:57.185856,10755.293411001117
2023-08-25 14:20:57.185856,10680.035940312437
2023-08-28 14:20:57.185856,10425.02707962715
2023-08-29 14:20:57.185856,10349.11752840791
2023-08-30 14:20:57.185856,10309.287515524871
2023-08-31 14:20:57.185856,10248.277972513637
2023-09-01 14:20:57.185856,10098.645277614913
2023-09-04 14:20:57.185856,10083.171916337193
2023-09-05 14:20:57.185856,10198.829676474736
2023-09-06 14:20:57.185856,10163.504681077506
2023-09-07 14:20:57.185856,9978.08273245388
2023-09-08 14:20:57.185856,10051.048777885942
2023-09-11 14:20:57.185856,10049.1748029808
2023-09-12 14:20:57.185856,10301.903131213241
2023-09-13 14:20:57.185856,10359.398935665977
2023-09-14 14:20:57.185856,10399.749942316794
2023-09-15 14:20:57.185856,10256.896033415558
2023-09-18 14:20:57.185856,10337.985164382419
2023-09-19 14:20:57.185856,10546.507403325644
2023-09-20 14:20:57.185856,10416.230445646805
2023-09-21 14:20:57.185856,10562.391039141257
2023-09-22 14:20:57.185856,10498.944225430454
2023-09-25 14:20:57.185856,10489.701341446802
2023-09-26 14:20:57.185856,10525.864722226344
2023-09-27 14:20:57.185856,10438.778180178686
2023-09-28 14:20:57.185856,10280.920119819877
2023-09-29 14:20:57.185856,10259.075328387047
2023-10-02 14:20:57.185856,10092.10902741963
2023-10-03 14:20:57.185856,10136.508360246642
2023-10-04 14:20:57.185856,9819.356867923685
2023-10-05 14:20:57.185856,9896.434736076495
2023-10-06 14:20:57.185856,9862.988127217384
2023-10-09 14:20:57.185856,9718.475726997713
2023-10-10 14:20:57.185856,9736.30209294663
2023-10-11 14:20:57.185856,9625.838524829287
2023-10-12 14:20:57.185856,9732.335807877591
2023-10-13 14:20:57.185856,9849.535031542959
2023-10-16 14:20:57.185856,10023.242471728885
2023-10-17 14:20:57.185856,9892.52290810315
2023-10-18 14:20:57.185856,9972.235037146058
2023-10-19 14:20:57.185856,10163.182054499703
2023-10-20 14:20:57.185856,10304.155377325977
2023-10-23 14:20:57.185856,10049.884691657297
2023-10-24 14:20:57.185856,10041.783558145898
2023-10-25 14:20:57.185856,10158.879847829028
2023-10-26 14:20:57.185856,10258.088255741375
2023-10-27 14:20:57.185856,10219.190898835599
2023-10-30 14:20:57.185856,10450.914939786328
2023-10-31 14:20:57.185856,10623.534530317247
2023-11-01 14:20:57.185856,10633.502002232959
2023-11-02 14:20:57.185856,10599.680735629036
2023-11-03 14:20:57.185856,10606.357080847145
2023-11-06 14:20:57.185856,10525.61393873347
2023-11-07 14:20:57.185856,10529.502251173486
2023-11-08 14:20:57.185856,10513.475141703362
2023-11-09 14:20:57.185856,10508.583916362646
2023-11-10 14:20:57.185856,10619.414585073266
2023-11-13 14:20:57.185856,10528.312264604101
2023-11-14 14:20:57.185856,10575.461357725795
2023-11-15 14:20:57.185856,10545.146488685774
2023-11-16 14:20:57.185856,10465.100057608879
2023-11-17 14:20:57.185856,10559.96879168674
2023-11-20 14:20:57.185856,10716.71426617641
2023-11-21 14:20:57.185856,10742.03361172579
2023-11-22 14:20:57.185856,10921.409271582706
2023-11-23 14:20:57.185856,10995.412766610538
2023-11-24 14:20:57.185856,10903.456280769245
2023-11-27 14:20:57.185856,10897.461263577803
2023-11-28 14:20:57.185856,10930.3928268508
2023-11-29 14:20:57.185856,10814.568147884422
2023-11-30 14:20:57.185856,10786.018599606212
2023-12-01 14:20:57.185856,10766.352720202402
2023-12-04 14:20:57.185856,10874.169488469763
2023-12-05 14:20:57.185856,10905.93541946899
2023-12-06 14:20:57.185856,11109.046360072443
2023-12-07 14:20:57.185856,11102.290255290081
2023-12-08 14:20:57.185856,11126.336395804054
2023-12-11 14:20:57.185856,11185.007192641891
2023-12-12 14:20:57.185856,11259.81347608941
2023-12-13 14:20:57.185856,11184.304695906034
2023-12-14 14:20:57.185856,11542.159514427616
2023-12-15 14:20:57.185856,11391.033122256578
2023-12-18 14:20:57.185856,11511.726837864313
2023-12-19 14:20:57.185856,11606.258001490985
2023-12-20 14:20:57.185856,11616.710479696505
2023-12-21 14:20:57.185856,11427.221791889098
2023-12-22 14:20:57.185856,11350.37100542707
2023-12-25 14:20:57.185856,11457.482879334277
2023-12-26 14:20:57.185856,11383.47658187809
2023-12-27 14:20:57.185856,11237.28130270876
2023-12-28 14:20:57.185856,11291.263411546175
2023-12-29 14:20:57.185856,11263.821628052894
2024-01-01 14:20:57.185856,11358.19365975357
2024-01-02 14:20:57.185856,11390.35464666404
2024-01-03 14:20:57.185856,11455.209242622153
2024-01-04 14:20:57.185856,11430.322545278043
2024-01-05 14:20:57.185856,11734.941818792222
2024-01-08 14:20:57.185856,11525.544044049962
2024-01-09 14:20:57.185856,11541.954303846667
2024-01-10 14:20:57.185856,11566.524913561772
2024-01-11 14:20:57.185856,11648.886554096625
2024-01-12 14:20:57.185856,11807.332065034721
2024-01-15 14:20:57.185856,11951.301809402641
2024-01-16 14:20:57.185856,11973.921199252134
2024-01-17 14:20:57.185856,12068.891675737732
2024-01-18 14:20:57.185856,11827.388271188503
2024-01-19 14:20:57.185856,11981.155243848163
2024-01-22 14:20:57.185856,11938.08680844453
2024-01-23 14:20:57.185856,11950.91716254492
2024-01-24 14:20:57.185856,11944.465869485155
2024-01-25 14:20:57.185856,11917.119670187274
2024-01-26 14:20:57.185856,11975.822795850612
2024-01-29 14:20:57.185856,11999.949872640458
2024-01-30 14:20:57.185856,12062.780512880812
2024-01-31 14:20:57.185856,12319.620149656648
2024-02-01 14:20:57.185856,12288.685531660309
2024-02-02 14:20:57.185856,12150.770920558585
2024-02-05 14:20:57.185856,11894.138286804306
2024-02-06 14:20:57.185856,12098.962668208129
2024-02-07 14:20:57.185856,11924.14899404437
2024-02-08 14:20:57.185856,12031.233641341101
2024-02-09 14:20:57.185856,12047.52697505966
2024-02-12 14:20:57.185856,11997.72317351835
2024-02-13 14:20:57.185856,11926.381436905822
2024-02-14 14:20:57.185856,11717.374590197845
2024-02-15 14:20:57.185856,11623.944573074446
2024-02-16 14:20:57.185856,11534.687055198838
2024-02-19 14:20:57.185856,11458.666557988012
2024-02-20 14:20:57.185856,11507.358523396231
2024-02-21 14:20:57.185856,11212.089811087657
2024-02-22 14:20:57.185856,11129.57874671407
2024-02-23 14:20:57.185856,10994.398747119601
2024-02-26 14:20:57.185856,10608.475375433676
2024-02-27 14:20:57.185856,10595.780646572472
2024-02-28 14:20:57.185856,10474.21799165304
2024-02-29 14:20:57.185856,10512.827825878956
2024-03-01 14:20:57.185856,10678.762457376642
2024-03-04 14:20:57.185856,10778.024403990154
2024-03-05 14:20:57.185856,11020.516669194878
2024-03-06 14:20:57.185856,11040.100601319351
2024-03-07 14:20:57.185856,11114.876219550613
2024-03-08 14:20:57.185856,10976.589564064425
2024-03-11 14:20:57.185856,10981.979079580395
2024-03-12 14:20:57.185856,11186.713690391514
2024-03-13 14:20:57.185856,11105.997925295022
2024-03-14 14:20:57.185856,11358.836160254372
2024-03-15 14:20:57.185856,11293.082803624799
2024-03-18 14:20:57.185856,11130.549647661728
2024-03-19 14:20:57.185856,11180.753286963129
2024-03-20 14:20:57.185856,11425.489571295275
2024-03-21 14:20:57.185856,11620.26976146572
2024-03-22 14:20:57.185856,11507.8462797451
2024-03-25 14:20:57.185856,11619.559222765545
2024-03-26 14:20:57.185856,11720.332311783446
2024-03-27 14:20:57.185856,11709.897458410389
2024-03-28 14:20:57.185856,11811.621564709629
2024-03-29 14:20:57.185856,11839.160656428965
2024-04-01 14:20:57.185856,11869.174299861392
2024-04-02 14:20:57.185856,11794.819633069117
2024-04-03 14:20:57.185856,11942.73373991305
2024-04-04 14:20:57.185856,12039.718947880761
2024-04-05 14:20:57.185856,12077.488135843521
2024-04-08 14:20:57.185856,11987.111509728746
2024-04-09 14:20:57.185856,12036.275406628058
2024-04-10 14:20:57.185856,12088.59129014712
2024-04-11 14:20:57.185856,12085.904448250141
2024-04-12 14:20:57.185856,12034.99110673103
2024-04-15 14:20:57.185856,12065.495408390938
2024-04-16 14:20:57.185856,11866.890186022001
2024-04-17 14:20:57.185856,11630.103725198942
2024-04-18 14:20:57.185856,11889.919978737591
2024-04-19 14:20:57.185856,12129.726195698619
2024-04-22 14:20:57.185856,12012.254167681012
2024-04-23 14:20:57.185856,11877.199670283324
2024-04-24 14:20:57.185856,11820.647334356314
2024-04-25 14:20:57.185856,11969.69680275968
2024-04-26 14:20:57.185856,12045.03923320778
2024-04-29 14:20:57.185856,11872.963261394954
2024-04-30 14:20:57.185856,11932.514718963876
2024-05-01 14:20:57.185856,12182.445282954292
2024-05-02 14:20:57.185856,12144.413393490904
2024-05-03 14:20:57.185856,12174.436980563356
2024-05-06 14:20:57.185856,12300.159550848377
2024-05-07 14:20:57.185856,12521.125828734605
2024-05-08 14:20:57.185856,12469.381190277243
2024-05-09 14:20:57.185856,12433.778862524507
2024-05-10 14:20:57.185856,12609.543693530659
2024-05-13 14:20:57.185856,12494.080275371512
2024-05-14 14:20:57.185856,12520.484228602372
2024-05-15 14:20:57.185856,12306.365984837033
2024-05-16 14:20:57.185856,12288.17092699342
2024-05-17 14:20:57.185856,12297.039864039352
2024-05-20 14:20:57.185856,12560.399161224137
2024-05-21 14:20:57.185856,12733.016396178113
2024-05-22 14:20:57.185856,12717.003735694567
2024-05-23 14:20:57.185856,12610.53204764699
2024-05-24 14:20:57.185856,12485.226957830047
2024-05-27 14:20:57.185856,12577.127771607467
2024-05-28 14:20:57.185856,12576.05324926258
2024-05-29 14:20:57.185856,12380.389939821833
2024-05-30 14:20:57.185856,12431.48371723185
2024-05-31 14:20:57.185856,12847.664132996924
2024-06-03 14:20:57.185856,12703.760880992451
2024-06-04 14:20:57.185856,12547.889403995618
2024-06-05 14:20:57.185856,12431.545678205577
2024-06-06 14:20:57.185856,12395.214137469906
2024-06-07 14:20:57.185856,12583.21146529758
2024-06-10 14:20:57.185856,12601.82284991455
2024-06-11 14:20:57.185856,12661.389088166387
2024-06-12 14:20:57.185856,12920.988677318732
2024-06-13 14:20:57.185856,12967.902305397763
2024-06-14 14:20:57.185856,13081.25035289252
2024-06-17 14:20:57.185856,12763.435053621053
2024-06-18 14:20:57.185856,12678.992664169906
2024-06-19 14:20:57.185856,12899.544023314493
2024-06-20 14:20:57.185856,12999.213423710242
2024-06-21 14:20:57.185856,12932.874612968866
2024-06-24 14:20:57.185856,12975.249495826387
2024-06-25 14:20:57.185856,13076.990483291482
2024-06-26 14:20:57.185856,13327.915228398182
2024-06-27 14:20:57.185856,13257.32290543972
2024-06-28 14:20:57.185856,13011.39464885904
2024-07-01 14:20:57.185856,13099.94208884645
2024-07-02 14:20:57.185856,13065.153987231539
2024-07-03 14:20:57.185856,13153.98993957601
2024-07-04 14:20:57.185856,13048.370655198887
2024-07-05 14:20:57.185856,12881.876363217614
2024-07-08 14:20:57.185856,12458.020963174517
2024-07-09 14:20:57.185856,12768.108628597893
2024-07-10 14:20:57.185856,12812.357345903094
2024-07-11 14:20:57.185856,12543.522511489002
2024-07-12 14:20:57.185856,12276.65186433137
2024-07-15 14:20:57.185856,12158.029983899123
2024-07-16 14:20:57.185856,12274.86103914359
2024-07-17 14:20:57.185856,12308.051892534075
2024-07-18 14:20:57.185856,12439.555826438831
2024-07-19 14:20:57.185856,12269.576933952938
2024-07-22 14:20:57.185856,12229.049770650367
2024-07-23 14:20:57.185856,12301.612000815181
2024-07-24 14:20:57.185856,12429.173711355352
2024-07-25 14:20:57.185856,12527.630543732957
2024-07-26 14:20:57.185856,12380.212218086788
2024-07-29 14:20:57.185856,12446.136836317986
2024-07-30 14:20:57.185856,12301.772943077654
2024-07-31 14:20:57.185856,12189.66316958807
2024-08-01 14:20:57.185856,12251.381795795072
2024-08-02 14:20:57.185856,12311.38829277864
2024-08-05 14:20:57.185856,12273.86186187965
2024-08-06 14:20:57.185856,12375.703914338745
2024-08-07 14:20:57.185856,12366.208594345946
2024-08-08 14:20:57.185856,12294.042049007277
2024-08-09 14:20:57.185856,12315.908450261431
2024-08-12 14:20:57.185856,12009.645689532692
2024-08-13 14:20:57.185856,12062.843675376187
2024-08-14 14:20:57.185856,12061.598761945623
2024-08-15 14:20:57.185856,12068.623311045572
2024-08-16 14:20:57.185856,12002.021846514222
2024-08-19 14:20:57.185856,12027.597372555862
2024-08-20 14:20:57.185856,12055.12933972012
2024-08-21 14:20:57.185856,12237.824844629487
2024-08-22 14:20:57.185856,11954.304609502913
2024-08-23 14:20:57.185856,11848.00761727133
2024-08-26 14:20:57.185856,11775.643384736875
2024-08-27 14:20:57.185856,11727.237728666683
2024-08-28 14:20:57.185856,11665.771369002225
2024-08-29 14:20:57.185856,11573.027523122464
2024-08-30 14:20:57.185856,11687.761641656696
2024-09-02 14:20:57.185856,11753.144741751776
2024-09-03 14:20:57.185856,11952.055673402712
2024-09-04 14:20:57.185856,11805.636393532106
2024-09-05 14:20:57.185856,12146.551352827451
2024-09-06 14:20:57.185856,12354.518481123005
2024-09-09 14:20:57.185856,12333.013248195202
2024-09-10 14:20:57.185856,12539.136751061757
2024-09-11 14:20:57.185856,12375.79372268679
2024-09-12 14:20:57.185856,12182.90238201067
2024-09-13 14:20:57.185856,12341.739061027127
2024-09-16 14:20:57.185856,12496.822438848507
2024-09-17 14:20:57.185856,12561.031626118913
2024-09-18 14:20:57.185856,12819.357379776886
2024-09-19 14:20:57.185856,12914.380149407858
2024-09-20 14:20:57.185856,13238.602414548155
2024-09-23 14:20:57.185856,13423.526361991217
2024-09-24 14:20:57.185856,13327.174400286647
2024-09-25 14:20:57.185856,13387.866667674896
2024-09-26 14:20:57.185856,13414.37858869635
2024-09-27 14:20:57.185856,13593.486862726199
2024-09-30 14:20:57.185856,13719.811411049775
2024-10-01 14:20:57.185856,13875.42046848755
2024-10-02 14:20:57.185856,14138.340325173725
2024-10-03 14:20:57.185856,14123.678568089654
2024-10-04 14:20:57.185856,13897.461737828495
2024-10-07 14:20:57.185856,13975.824530803962
2024-10-08 14:20:57.185856,14035.737442006486
2024-10-09 14:20:57.185856,14275.851355106479
2024-10-10 14:20:57.185856,14329.04086180003
2024-10-11 14:20:57.185856,14241.82172677524
2024-10-14 14:20:57.185856,14187.047397363114
2024-10-15 14:20:57.185856,14255.01101726898
2024-10-16 14:20:57.185856,14221.497265440245
2024-10-17 14:20:57.185856,14283.972904211414
2024-10-18 14:20:57.185856,14281.61365862541
2024-10-21 14:20:57.185856,14167.687048661332
2024-10-22 14:20:57.185856,14360.601157485615
2024-10-23 14:20:57.185856,14454.253578150036
2024-10-24 14:20:57.185856,14463.793524104558
2024-10-25 14:20:57.185856,14497.020039445557
2024-10-28 14:20:57.185856,14473.276644455138
2024-10-29 14:20:57.185856,14309.642421112523
2024-10-30 14:20:57.185856,14884.635718971027
2024-10-31 14:20:57.185856,15253.137437239262
2024-11-01 14:20:57.185856,15365.579717077764
2024-11-04 14:20:57.185856,15273.318039422016
2024-11-05 14:20:57.185856,15267.359141448711
2024-11-06 14:20:57.185856,15597.298312826326
2024-11-07 14:20:57.185856,15391.079441786655
2024-11-08 14:20:57.185856,15576.118533341647
2024-11-11 14:20:57.185856,15652.837468624502
2024-11-12 14:20:57.185856,15431.806477017337
2024-11-13 14:20:57.185856,15629.056517068166
2024-11-14 14:20:57.185856,15368.654967422659
2024-11-15 14:20:57.185856,15216.171916525798
2024-11-18 14:20:57.185856,15553.184104969532
2024-11-19 14:20:57.185856,15554.24038919595
2024-11-20 14:20:57.185856,15550.899171763624
2024-11-21 14:20:57.185856,15754.630843889614
2024-11-22 14:20:57.185856,15700.846220838044
2024-11-25 14:20:57.185856,15465.779314240403
2024-11-26 14:20:57.185856,15622.083084214675
2024-11-27 14:20:57.185856,15505.666750816226
2024-11-28 14:20:57.185856,15218.164421617961
2024-11-29 14:20:57.185856,15155.5876724991
2024-12-02 14:20:57.185856,15005.994595054173
2024-12-03 14:20:57.185856,14891.227220959861
2024-12-04 14:20:57.185856,15300.576079987728
2024-12-05 14:20:57.185856,15578.576331015263
2024-12-06 14:20:57.185856,16050.147993320514
2024-12-09 14:20:57.185856,15871.761380791922
2024-12-10 14:20:57.185856,15639.96567695992
2024-12-11 14:20:57.185856,15699.65519958166
2024-12-12 14:20:57.185856,16079.731375418913
2024-12-13 14:20:57.185856,16138.264085956584
2024-12-16 14:20:57.185856,16054.769539052479
2024-12-17 14:20:57.185856,16606.29907601487
2024-12-18 14:20:57.185856,16329.225052356065
2024-12-19 14:20:57.185856,15996.453099979848
2024-12-20 14:20:57.185856,16019.835765947586
2024-12-23 14:20:57.185856,15909.252015571785
2024-12-24 14:20:57.185856,15713.76576988227
2024-12-25 14:20:57.185856,16129.898614569642
2024-12-26 14:20:57.185856,16170.8455059674
2024-12-27 14:20:57.185856,16377.51543399722
2024-12-30 14:20:57.185856,16146.301359209703
2024-12-31 14:20:57.185856,16248.259784708836
2025-01-01 14:20:57.185856,16234.784415516871
2025-01-02 14:20:57.185856,16227.567730240433
2025-01-03 14:20:57.185856,16204.383349202586
2025-01-06 14:20:57.185856,16314.770442944833
2025-01-07 14:20:57.185856,16606.11280739824
2025-01-08 14:20:57.185856,16682.67689893217
2025-01-09 14:20:57.185856,16781.032530527864
2025-01-10 14:20:57.185856,16964.72157110321
2025-01-13 14:20:57.185856,17066.439978661943
2025-01-14 14:20:57.185856,16791.239927634037
2025-01-15 14:20:57.185856,16541.2424358355
2025-01-16 14:20:57.185856,16468.511820769738
2025-01-17 14:20:57.185856,16488.566504460934
2025-01-20 14:20:57.185856,16383.582333554494
2025-01-21 14:20:57.185856,16471.010658207688
2025-01-22 14:20:57.185856,16397.236762601122
2025-01-23 14:20:57.185856,16339.289385514418
2025-01-24 14:20:57.185856,16552.022982275146
2025-01-27 14:20:57.185856,16443.763255294234
2025-01-28 14:20:57.185856,16240.611848215969
2025-01-29 14:20:57.185856,16088.794989324337
2025-01-30 14:20:57.185856,16208.688203681299
2025-01-31 14:20:57.185856,16551.60216212231
2025-02-03 14:20:57.185856,16428.877136170853
2025-02-04 14:20:57.185856,16396.34736768641
2025-02-05 14:20:57.185856,16046.099763049122
2025-02-06 14:20:57.185856,16476.278244075627
2025-02-07 14:20:57.185856,16346.304482696904
2025-02-10 14:20:57.185856,16423.53909229232
2025-02-11 14:20:57.185856,16155.072822729639
2025-02-12 14:20:57.185856,16140.395066597184
2025-02-13 14:20:57.185856,16158.430930747081
2025-02-14 14:20:57.185856,15877.481973139413
2025-02-17 14:20:57.185856,15364.506109870026
2025-02-18 14:20:57.185856,15513.522756676024
2025-02-19 14:20:57.185856,15571.140011359954
2025-02-20 14:20:57.185856,15520.778363992737
2025-02-21 14:20:57.185856,15682.673807001322
2025-02-24 14:20:57.185856,15592.51379130725
2025-02-25 14:20:57.185856,15443.807418634056
2025-02-26 14:20:57.185856,15694.030665297681
2025-02-27 14:20:57.185856,15734.486924795323
2025-02-28 14:20:57.185856,15675.770653892423
2025-03-03 14:20:57.185856,15610.220806498717
2025-03-04 14:20:57.185856,15378.000200061668
2025-03-05 14:20:57.185856,15317.125664935096
2025-03-06 14:20:57.185856,15288.094928563443
2025-03-07 14:20:57.185856,15016.05554069894
2025-03-10 14:20:57.185856,14933.18919541313
2025-03-11 14:20:57.185856,14657.477158777929
2025-03-12 14:20:57.185856,14740.82890473642
2025-03-13 14:20:57.185856,14581.4572220067
2025-03-14 14:20:57.185856,14475.755924213569
2025-03-17 14:20:57.185856,14488.798997170401
2025-03-18 14:20:57.185856,14398.452990707685
2025-03-19 14:20:57.185856,14059.125725606196
2025-03-20 14:20:57.185856,13842.266462761529
2025-03-21 14:20:57.185856,13874.650427136985
2025-03-24 14:20:57.185856,13836.03504003308
2025-03-25 14:20:57.185856,13467.482986015142
2025-03-26 14:20:57.185856,13334.273609669535
2025-03-27 14:20:57.185856,13605.22621909902
2025-03-28 14:20:57.185856,13833.751694400597
2025-03-31 14:20:57.185856,13566.197016129943
2025-04-01 14:20:57.185856,13332.366313096647
2025-04-02 14:20:57.185856,13551.38285286722
2025-04-03 14:20:57.185856,13429.885397987942
2025-04-04 14:20:57.185856,13487.197411811225
2025-04-07 14:20:57.185856,13279.913394291985
2025-04-08 14:20:57.185856,13227.988818745429
2025-04-09 14:20:57.185856,13281.109544210602
2025-04-10 14:20:57.185856,13363.378441763138
2025-04-11 14:20:57.185856,13407.357153596879
2025-04-14 14:20:57.185856,13341.84333028602
2025-04-15 14:20:57.185856,13341.151586788861
2025-04-16 14:20:57.185856,13517.465102402171
2025-04-17 14:20:57.185856,13649.303466834344
2025-04-18 14:20:57.185856,13762.642378380702
2025-04-21 14:20:57.185856,13964.003868361468
2025-04-22 14:20:57.185856,13858.946073228257
2025-04-23 14:20:57.185856,14054.476259756613
2025-04-24 14:20:57.185856,13837.607414282182
2025-04-25 14:20:57.185856,14089.664172801933
2025-04-28 14:20:57.185856,13973.287024934833
2025-04-29 14:20:57.185856,13796.458582230945
2025-04-30 14:20:57.185856,13683.269390416617
2025-05-01 14:20:57.185856,13687.70305252439
2025-05-02 14:20:57.185856,13376.99640483432
2025-05-05 14:20:57.185856,13256.699698003487
2025-05-06 14:20:57.185856,13442.123375922954
2025-05-07 14:20:57.185856,13495.29461734168
2025-05-08 14:20:57.185856,13886.103455941402
2025-05-09 14:20:57.185856,14001.140571451659
2025-05-12 14:20:57.185856,13977.240233132472
2025-05-13 14:20:57.185856,14305.437011175018
2025-05-14 14:20:57.185856,14160.837605717115
2025-05-15 14:20:57.185856,14385.643239979556
2025-05-16 14:20:57.185856,14475.319394099211
2025-05-19 14:20:57.185856,14867.68610216632
2025-05-20 14:20:57.185856,14859.799702660399
2025-05-21 14:20:57.185856,14685.572095240726
2025-05-22 14:20:57.185856,14945.51501547902
2025-05-23 14:20:57.185856,15042.7331183224
2025-05-26 14:20:57.185856,15182.218403250952
2025-05-27 14:20:57.185856,15088.161975807989
2025-05-28 14:20:57.185856,14961.85001011559
2025-05-29 14:20:57.185856,14612.234990430266
2025-05-30 14:20:57.185856,14515.775504557083
2025-06-02 14:20:57.185856,14740.27378082806
2025-06-03 14:20:57.185856,14654.600775566694
2025-06-04 14:20:57.185856,14655.266996827255
2025-06-05 14:20:57.185856,14653.54388729138
2025-06-06 14:20:57.185856,14571.514137894086
2025-06-09 14:20:57.185856,14749.125100569892
2025-06-10 14:20:57.185856,14980.418493018333
2025-06-11 14:20:57.185856,14879.206839095981
2025-06-12 14:20:57.185856,14728.75052134129
2025-06-13 14:20:57.185856,14734.005079376735
2025-06-16 14:20:57.185856,14753.397806469682
2025-06-17 14:20:57.185856,14515.138344334528
2025-06-18 14:20:57.185856,14464.001934509866
2025-06-19 14:20:57.185856,14334.409227679429
2025-06-20 14:20:57.185856,14244.403587861183
2025-06-23 14:20:57.185856,14106.146870329641
2025-06-24 14:20:57.185856,13990.295743421068
2025-06-25 14:20:57.185856,14025.578391442454
2025-06-26 14:20:57.185856,14041.387017768131
2025-06-27 14:20:57.185856,14176.77995724477
2025-06-30 14:20:57.185856,14379.040136726888
2025-07-01 14:20:57.185856,14452.69993593131
2025-07-02 14:20:57.185856,14232.58900431208
2025-07-03 14:20:57.185856,14433.015620908856
2025-07-04 14:20:57.185856,14593.141633482865
2025-07-07 14:20:57.185856,14518.792635206482
2025-07-08 14:20:57.185856,14675.092251794793
2025-07-09 14:20:57.185856,14757.585676021148
2025-07-10 14:20:57.185856,14842.045828119863
2025-07-11 14:20:57.185856,14509.200195794478
2025-07-14 14:20:57.185856,14559.558333917717
2025-07-15 14:20:57.185856,14915.975098800707
2025-07-16 14:20:57.185856,15219.740616129668
2025-07-17 14:20:57.185856,15357.68322219721
2025-07-18 14:20:57.185856,15449.470103852473
2025-07-21 14:20:57.185856,15126.425868949076
2025-07-22 14:20:57.185856,15163.68374382603
2025-07-23 14:20:57.185856,15076.547850584448
2025-07-24 14:20:57.185856,14912.248821915293
2025-07-25 14:20:57.185856,14833.834315136774
2025-07-28 14:20:57.185856,14735.285164834755
2025-07-29 14:20:57.185856,14849.054663329061
2025-07-30 14:20:57.185856,14952.252978863233
2025-07-31 14:20:57.185856,14970.424067152142
2025-08-01 14:20:57.185856,15097.964405617004
2025-08-04 14:20:57.185856,15227.281191228152
2025-08-05 14:20:57.185856,15280.010230097783
2025-08-06 14:20:57.185856,15510.195683061811
2025-08-07 14:20:57.185856,15292.248865872063
2025-08-08 14:20:57.185856,15228.044274774898
2025-08-11 14:20:57.185856,15475.801520904994
2025-08-12 14:20:57.185856,15289.865315662719
2025-08-13 14:20:57.185856,15450.494808242544
2025-08-14 14:20:57.185856,15767.981808130016
2025-08-15 14:20:57.185856,15578.316998680044
2025-08-18 14:20:57.185856,15562.049658222375
2025-08-19 14:20:57.185856,15211.239748024915
2025-08-20 14:20:57.185856,15072.993544816585
2025-08-21 14:20:57.185856,14914.121825622764
2025-08-22 14:20:57.185856,14781.596820666398
2025-08-25 14:20:57.185856,15061.62764155282
2025-08-26 14:20:57.185856,15100.810906623048
2025-08-27 14:20:57.185856,15011.880976121116
2025-08-28 14:20:57.185856,15180.373373444336
2025-08-29 14:20:57.185856,14971.987608914933
2025-09-01 14:20:57.185856,15169.285744992387
2025-09-02 14:20:57.185856,15010.057859872331
2025-09-03 14:20:57.185856,14738.646528783303
2025-09-04 14:20:57.185856,14755.988856590644
2025-09-05 14:20:57.185856,14661.259671329908
2025-09-08 14:20:57.185856,14681.296506587025
2025-09-09 14:20:57.185856,15011.113213859964
2025-09-10 14:20:57.185856,14916.97687441262
2025-09-11 14:20:57.185856,14733.499771322098
2025-09-12 14:20:57.185856,14486.112501940497
2025-09-15 14:20:57.185856,14286.96002080084
2025-09-16 14:20:57.185856,13939.353037712046
2025-09-17 14:20:57.185856,14036.822498159087
2025-09-18 14:20:57.185856,14228.358847974783
2025-09-19 14:20:57.185856,13850.459037066816
2025-09-22 14:20:57.185856,13906.64322187001
2025-09-23 14:20:57.185856,13975.0322052129
2025-09-24 14:20:57.185856,13931.862047381865
2025-09-25 14:20:57.185856,14141.647368370344
2025-09-26 14:20:57.185856,14234.08998315771
2025-09-29 14:20:57.185856,14012.542770915563
2025-09-30 14:20:57.185856,13913.628375923086
2025-10-01 14:20:57.185856,14110.125497646508
2025-10-02 14:20:57.185856,14108.397131557958
2025-10-03 14:20:57.185856,14142.572350270568
2025-10-06 14:20:57.185856,14094.036673213324
2025-10-07 14:20:57.185856,14013.604404457205
2025-10-08 14:20:57.185856,13912.496536646497
2025-10-09 14:20:57.185856,14221.71076909449
2025-10-10 14:20:57.185856,14285.821710304452
2025-10-13 14:20:57.185856,14363.2961018746
2025-10-14 14:20:57.185856,14124.18514413142
2025-10-15 14:20:57.185856,14321.92101785712
2025-10-16 14:20:57.185856,14300.755728584927
2025-10-17 14:20:57.185856,14388.056667232813
2025-10-20 14:20:57.185856,14307.961982525656
2025-10-21 14:20:57.185856,14309.85414195242
2025-10-22 14:20:57.185856,14252.470579400415
2025-10-23 14:20:57.185856,14257.815628946877
2025-10-24 14:20:57.185856,14491.542983832565
2025-10-27 14:20:57.185856,14618.153992941216
2025-10-28 14:20:57.185856,14671.527504910517
2025-10-29 14:20:57.185856,14469.12308543686
2025-10-30 14:20:57.185856,14386.776684111213
2025-10-31 14:20:57.185856,14460.523246809817
2025-11-03 14:20:57.185856,14361.985274883582
2025-11-04 14:20:57.185856,14342.611914221765
2025-11-05 14:20:57.185856,14571.605408240452
2025-11-06 14:20:57.185856,14866.769705726329
2025-11-07 14:20:57.185856,14882.87233778405
2025-11-10 14:20:57.185856,15156.218691030277
2025-11-11 14:20:57.185856,14854.747337034858
2025-11-12 14:20:57.185856,14710.307448201662
2025-11-13 14:20:57.185856,14358.94348697423
2025-11-14 14:20:57.185856,14481.513084461672
2025-11-17 14:20:57.185856,14626.266902344352
2025-11-18 14:20:57.185856,14585.003439295959
2025-11-19 14:20:57.185856,14512.502420601348
2025-11-20 14:20:57.185856,14247.443301476927
2025-11-21 14:20:57.185856,14131.591819146359
2025-11-24 14:20:57.185856,14072.422606938626
2025-11-25 14:20:57.185856,13900.806484505421
2025-11-26 14:20:57.185856,13898.40588871565
2025-11-27 14:20:57.185856,13688.829868113804
2025-11-28 14:20:57.185856,13377.461414652927
2025-12-01 14:20:57.185856,13423.630828532101
2025-12-02 14:20:57.185856,13316.26362845166
2025-12-03 14:20:57.185856,13410.003429990136
2025-12-04 14:20:57.185856,13353.400170743827
2025-12-05 14:20:57.185856,13693.663337253956
2025-12-08 14:20:57.185856,13570.332398966813
2025-12-09 14:20:57.185856,13467.91546742121
2025-12-10 14:20:57.185856,13582.554362517854
2025-12-11 14:20:57.185856,13468.094253840081
2025-12-12 14:20:57.185856,13408.489851797227
2025-12-15 14:20:57.185856,13535.99063006344
2025-12-16 14:20:57.185856,13555.946761371011
2025-12-17 14:20:57.185856,13405.123658886985
2025-12-18 14:20:57.185856,13360.725437390933
2025-12-19 14:20:57.185856,13372.95589348098
2025-12-22 14:20:57.185856,13211.653907750573
2025-12-23 14:20:57.185856,13271.399735153671
2025-12-24 14:20:57.185856,13565.807715129176
2025-12-25 14:20:57.185856,13438.159800505844
2025-12-26 14:20:57.185856,13808.66325414786
2025-12-29 14:20:57.185856,14192.875178248658
2025-12-30 14:20:57.185856,14304.783228542392
2025-12-31 14:20:57.185856,14191.0119388157
2026-01-01 14:20:57.185856,14587.558989561101
2026-01-02 14:20:57.185856,14373.364498934508
2026-01-05 14:20:57.185856,14378.185571494732
2026-01-06 14:20:57.185856,14504.635607609549
2026-01-07 14:20:57.185856,14411.61006653737
2026-01-08 14:20:57.185856,14443.448002809424
2026-01-09 14:20:57.185856,14569.38959379728
2026-01-12 14:20:57.185856,14379.201154930011
2026-01-13 14:20:57.185856,14260.219979524094
2026-01-14 14:20:57.185856,14349.441061187756
2026-01-15 14:20:57.185856,14335.806232776102
2026-01-16 14:20:57.185856,14213.361291135498
2026-01-19 14:20:57.185856,14376.226203489448
2026-01-20 14:20:57.185856,14463.2394191266
2026-01-21 14:20:57.185856,14590.659541904563
2026-01-22 14:20:57.185856,14534.703220164924
2026-01-23 14:20:57.185856,14717.725547358841
2026-01-26 14:20:57.185856,14668.842675795231
2026-01-27 14:20:57.185856,14698.685169134318
2026-01-28 14:20:57.185856,14564.371084103595
2026-01-29 14:20:57.185856,14624.853556798143
2026-01-30 14:20:57.185856,14421.23968183827
2026-02-02 14:20:57.185856,14464.013004105991
2026-02-03 14:20:57.185856,14360.809390825447
2026-02-04 14:20:57.185856,14530.776598238295
2026-02-05 14:20:57.185856,14635.277586646338
2026-02-06 14:20:57.185856,14924.718579611246
2026-02-09 14:20:57.185856,14875.869491206242
2026-02-10 14:20:57.185856,14615.570319110642
2026-02-11 14:20:57.185856,14853.519033433438
2026-02-12 14:20:57.185856,14915.604187956205
2026-02-13 14:20:57.185856,14789.77991954514
2026-02-16 14:20:57.185856,14559.605628501666
2026-02-17 14:20:57.185856,14673.357852834833
2026-02-18 14:20:57.185856,14751.68876999459
2026-02-19 14:20:57.185856,14972.152157070972
2026-02-20 14:20:57.185856,15180.970907440607
2026-02-23 14:20:57.185856,15051.048475298074
2026-02-24 14:20:57.185856,14798.085338520952
2026-02-25 14:20:57.185856,15154.18906671091
2026-02-26 14:20:57.185856,15242.257870919238
2026-02-27 14:20:57.185856,15101.354469156584
2026-03-02 14:20:57.185856,15072.387643288532
2026-03-03 14:20:57.185856,15164.850930468192
2026-03-04 14:20:57.185856,14952.864218414754
2026-03-05 14:20:57.185856,14902.997049699616
2026-03-06 14:20:57.185856,14947.37631193517
2026-03-09 14:20:57.185856,15058.654839419896
2026-03-10 14:20:57.185856,15440.720177756897
2026-03-11 14:20:57.185856,15173.29521068152
2026-03-12 14:20:57.185856,15068.717664973703
2026-03-13 14:20:57.185856,15135.994380295413
2026-03-16 14:20:57.185856,15045.618095531696
2026-03-17 14:20:57.185856,15294.760777539377
2026-03-18 14:20:57.185856,15262.592604856118
2026-03-19 14:20:57.185856,15285.775838006639
2026-03-20 14:20:57.185856,15396.029358510003
2026-03-23 14:20:57.185856,15553.956231929858
2026-03-24 14:20:57.185856,15457.08555761926
2026-03-25 14:20:57.185856,15129.432845450461
2026-03-26 14:20:57.185856,15016.684551596969
2026-03-27 14:20:57.185856,15040.776729402252
2026-03-30 14:20:57.185856,14945.200073012302
2026-03-31 14:20:57.185856,14927.469864914961
2026-04-01 14:20:57.185856,15200.730422575361
2026-04-02 14:20:57.185856,15183.987899682086
2026-04-03 14:20:57.185856,15361.615217683237
2026-04-06 14:20:57.185856,15180.891306810914
2026-04-07 14:20:57.185856,14966.270214004955
2026-04-08 14:20:57.185856,14884.093222372252
2026-04-09 14:20:57.185856,14978.296147964733
2026-04-10 14:20:57.185856,14996.86938890159
